id,product_name,product_sku
1,"Nut - Hazelnut, Ground, Natural",3333
2,"Bread - Dark Rye, Loaf",7513
3,Creamers - 10%,5828
4,Table Cloth 81x81 Colour,5337
5,Samosa - Veg,5223
6,Green Tea Refresher,1428
7,Garlic - Peeled,6063
8,Bread - Dark Rye,5818
9,Sage Derby,2899
10,"Pepper - White, Whole",7856
11,Wine - Magnotta - Cab Franc,7436
12,Tea - Earl Grey,8014
13,Cheese - Le Cru Du Clocher,1434
14,"Juice - Clam, 46 Oz",9064
15,Chick Peas - Canned,2515
16,Dehydrated Kelp Kombo,5716
17,Cranberry Foccacia,2713
18,"Lobster - Baby, Boiled",5561
19,Foil - Round Foil,8385
20,"Syrup - Golden, Lyles",9524
21,Lotus Leaves,6497
22,"Salsify, Organic",3930
23,Sambuca - Opal Nera,5303
24,Artichoke - Fresh,5005
25,Pumpkin - Seed,5013
26,Juice - Lemon,8563
27,Island Oasis - Ice Cream Mix,2472
28,Coffee - Espresso,8486
29,Cassis,8041
30,"Wine - Red, Black Opal Shiraz",2052
31,Carrots - Mini Red Organic,7755
32,Grenadine,2043
33,Wiberg Super Cure,1670
34,Shopper Bag - S - 4,1516
35,Wine - Gewurztraminer Pierre,5684
36,Nantucket - Carrot Orange,2937
37,Vector Energy Bar,7103
38,Soup - Campbells Beef Strogonoff,3242
39,Carbonated Water - Orange,7447
40,Wine - Two Oceans Cabernet,2744
41,"Mushroom - Porcini, Dry",3898
42,Ham - Cooked Italian,7550
43,Pasta - Agnolotti - Butternut,2589
44,Wine - Chateauneuf Du Pape,1412
45,"Wine - White, Schroder And Schyl",6287
46,Lid Tray - 16in Dome,6553
47,Island Oasis - Sweet And Sour Mix,2495
48,Tuna - Fresh,4693
49,Plate Foam Laminated 9in Blk,1649
50,Red Cod Fillets - 225g,8363
51,Wine - Two Oceans Sauvignon,5226
52,Shrimp - 100 / 200 Cold Water,6073
53,Milk Powder,9575
54,Venison - Striploin,3991
55,Butter Ripple - Phillips,3864
56,Mustard - Seed,8732
57,Chickensplit Half,4573
58,Beets - Mini Golden,8915
59,Chocolate - Feathers,3473
60,Crab - Imitation Flakes,9791
61,Gatorade - Xfactor Berry,7184
62,Irish Cream - Butterscotch,2348
63,Gherkin,5985
64,Chocolate Bar - Reese Pieces,1581
65,Sauce - Ranch Dressing,2529
66,Miso - Soy Bean Paste,7939
67,Soup - Campbells Bean Medley,5413
68,Basil - Fresh,8273
69,Tamarillo,6783
70,"Turkey - Breast, Double",1851
71,"Fish - Halibut, Cold Smoked",5158
72,Ecolab Silver Fusion,2844
73,Broom - Angled,9939
74,Wine - Magnotta - Belpaese,7670
75,Okra,8201
76,"Tortillas - Flour, 12",5215
77,"Tart Shells - Sweet, 2",7402
78,Zucchini - Green,8258
79,Tomato Paste,9663
80,Tea - Orange Pekoe,5218
81,Wine - Placido Pinot Grigo,9174
82,Bread Base - Toscano,2266
83,The Pop Shoppe - Black Cherry,2109
84,Icecream - Dstk Cml And Fdg,5562
85,Cookie Dough - Oatmeal Rasin,9683
86,Squid - U 5,2974
87,Pepper - Cubanelle,1468
88,Eggplant Oriental,3769
89,"Pork - Sausage, Medium",2039
90,"Wine - White, Concha Y Toro",5214
91,"Wine - Red, Mouton Cadet",5459
92,Ketchup - Tomato,5529
93,Lid Coffeecup 12oz D9542b,5429
94,Glass - Juice Clear 5oz 55005,6502
95,"Nut - Hazelnut, Whole",2986
96,Jolt Cola - Electric Blue,7812
97,Daikon Radish,4117
98,Bar Bran Honey Nut,3892
99,Carbonated Water - Peach,8613
100,Cup - Paper 10oz 92959,5870
101,Sauce - Alfredo,7528
102,Wine - Alsace Riesling Reserve,4012
103,Langers - Cranberry Cocktail,9531
104,"Cheese - Brie, Triple Creme",9245
105,Jolt Cola,9064
106,Crush - Cream Soda,9924
107,Oil - Shortening - All - Purpose,6220
108,Beef - Short Ribs,6022
109,Juice Peach Nectar,7070
110,Anisette - Mcguiness,1902
111,Propel Sport Drink,2330
112,"Tortillas - Flour, 12",9763
113,"Pasta - Fettuccine, Egg, Fresh",8344
114,V8 Pet,6014
115,Berry Brulee,1930
116,Wine - Pinot Noir Pond Haddock,1851
117,"Tart Shells - Savory, 4",2252
118,Olives - Stuffed,1560
119,Wine - Merlot Vina Carmen,4465
120,Red Currant Jelly,5937
121,Beef - Short Loin,6851
122,Duck - Legs,9511
123,Sobe - Liz Blizz,6853
124,Lady Fingers,8395
125,Island Oasis - Mango Daiquiri,9185
126,Wine - Magnotta - Pinot Gris Sr,5803
127,"Salt - Rock, Course",8820
128,Tuna - Fresh,7072
129,"Pail - 4l White, With Handle",9915
130,Soap - Pine Sol Floor Cleaner,5823
131,Vaccum Bag 10x13,4400
132,Cleaner - Bleach,3126
133,Steel Wool S.o.s,3105
134,Tea - Decaf Lipton,1648
135,Flour - Rye,9956
136,Chives - Fresh,1141
137,Beer - Moosehead,6554
138,Onion Powder,8460
139,"Cheese - Mozzarella, Buffalo",4904
140,Veal - Insides Provini,1154
141,Ecolab Silver Fusion,6309
142,"Yogurt - Banana, 175 Gr",9390
143,Ecolab - Hobart Washarm End Cap,6559
144,Hipnotiq Liquor,6409
145,Wine - Trimbach Pinot Blanc,2999
146,Ginger - Fresh,4689
147,Nantucket Cranberry Juice,6455
148,Asparagus - Frozen,3785
149,Tumeric,9395
150,Soup - Base Broth Beef,2730
151,Cotton Wet Mop 16 Oz,5450
152,Shrimp - Prawn,8145
153,Pasta - Agnolotti - Butternut,9453
154,Flounder - Fresh,8961
155,Coffee Cup 8oz 5338cd,8507
156,Curry Paste - Green Masala,2511
157,Hummus - Spread,4215
158,"Nut - Almond, Blanched, Ground",7251
159,Soup - Boston Clam Chowder,8886
160,"Salmon - Atlantic, Fresh, Whole",8943
161,Paper - Brown Paper Mini Cups,8761
162,Arrowroot,2000
163,Pork - Side Ribs,9722
164,Anisette - Mcguiness,9238
165,Wine - Delicato Merlot,2041
166,Wine - Prosecco Valdobiaddene,3711
167,V8 - Tropical Blend,2230
168,Potatoes - Pei 10 Oz,7340
169,"Soup - Knorr, Country Bean",4298
170,"Fish - Artic Char, Cold Smoked",4709
171,"Wine - Red, Wolf Blass, Yellow",6084
172,Beans - Yellow,5588
173,Beer - Molson Excel,6604
174,Pheasants - Whole,9053
175,"Soup - Campbells, Beef Barley",6013
176,Cabbage - Red,4895
177,Beer - Original Organic Lager,8227
178,Plasticspoonblack,3946
179,Hinge W Undercut,2471
180,Muffin Mix - Oatmeal,6881
181,Wine - Periguita Fonseca,5113
182,Wonton Wrappers,1950
183,Lid Tray - 16in Dome,1164
184,Wine - Fontanafredda Barolo,6361
185,"Lobster - Tail, 3 - 4 Oz",6746
186,"Pork - Loin, Boneless",5464
187,Shrimp - 31/40,5759
188,Pork - Belly Fresh,7203
189,"Pork - Bacon, Double Smoked",2069
190,Muffin Mix - Blueberry,7077
191,"Beans - Turtle, Black, Dry",6929
192,Rabbit - Whole,5224
193,Chips Potato All Dressed - 43g,3693
194,"Sprite, Diet - 355ml",2367
195,Chevril,1738
196,"Tray - Foam, Square 4 - S",8803
197,Wine - Domaine Boyar Royal,2625
198,"Salmon - Whole, 4 - 6 Pounds",1635
199,Veal - Inside,2787
200,"Salmon - Whole, 4 - 6 Pounds",5531
201,Lobster - Live,9866
202,Veal - Liver,9599
203,Muffin Mix - Corn Harvest,7280
204,Bandage - Flexible Neon,3225
205,Sandwich Wrap,2345
206,Chocolate - Feathers,4185
207,"Napkin - Cocktail,beige 2 - Ply",2045
208,Filling - Mince Meat,1829
209,Ezy Change Mophandle,2074
210,Fruit Salad Deluxe,4179
211,White Baguette,5656
212,Juice - V8 Splash,6227
213,Cakes Assorted,7863
214,"Pork - Back, Short Cut, Boneless",2204
215,Wine - Cave Springs Dry Riesling,4487
216,"Juice - Clamato, 341 Ml",2656
217,"Quail - Eggs, Fresh",5915
218,Salmon - Sockeye Raw,2483
219,Ham - Black Forest,9721
220,Raspberries - Frozen,9275
221,Foam Cup 6 Oz,6611
222,"Pasta - Detalini, White, Fresh",9843
223,Bay Leaf,2577
224,Longos - Assorted Sandwich,8663
225,Cake - Mini Potato Pancake,4050
226,"Beef - Tongue, Fresh",9263
227,Water - Evian 355 Ml,7343
228,Wine - White Cab Sauv.on,6971
229,Table Cloth 54x72 Colour,7092
230,Tray - 16in Rnd Blk,9961
231,Sugar - Brown,1437
232,Bandage - Flexible Neon,3908
233,"Crab - Claws, 26 - 30",2397
234,Tuna - Sushi Grade,7903
235,Asparagus - Mexican,5245
236,"Yogurt - Banana, 175 Gr",7964
237,"Nut - Hazelnut, Ground, Natural",7967
238,Cheese - Roquefort Pappillon,6305
239,"Wine - Red, Mouton Cadet",2649
240,Coffee - Frthy Coffee Crisp,1472
241,Muffin Batt - Carrot Spice,9094
242,Mortadella,9171
243,Carbonated Water - Orange,7781
244,Tobasco Sauce,5711
245,"Wine - White, French Cross",4837
246,"Seedlings - Mix, Organic",7260
247,Barley - Pearl,7756
248,Olives - Nicoise,5863
249,Veal - Inside,7608
250,Table Cloth 62x120 White,8091
251,Cake - Lemon Chiffon,9449
252,Chocolate Bar - Reese Pieces,5213
253,Egg - Salad Premix,8258
254,Black Currants,9535
255,Wine - Sogrape Mateus Rose,3637
256,Myers Planters Punch,8078
257,"Yogurt - Strawberry, 175 Gr",5638
258,"Beef - Ox Tongue, Pickled",1311
259,Creamers - 10%,5062
260,Tray - 12in Rnd Blk,5210
261,Hot Choc Vending,2204
262,Turnip - White,7702
263,Spring Roll Veg Mini,9478
264,Carbonated Water - Strawberry,3634
265,Wine - Pinot Noir Latour,3846
266,Wine - German Riesling,9614
267,Calypso - Black Cherry Lemonade,2867
268,Soup - Chicken And Wild Rice,4812
269,"Turnip - White, Organic",8438
270,Cheese - Pont Couvert,8121
271,Pasta - Orecchiette,7411
272,Soup - Campbells Broccoli,8342
273,Bar Bran Honey Nut,6746
274,Puff Pastry - Sheets,2782
275,Sword Pick Asst,9554
276,Tea - Apple Green Tea,7297
277,"Rum - Coconut, Malibu",8372
278,Dried Peach,4402
279,Scallops - 10/20,8541
280,Jello - Assorted,9704
281,Bread - French Baquette,7370
282,Sunflower Seed Raw,7409
283,Plasticknivesblack,5453
284,"Wine - White, Chardonnay",9462
285,"Mushroom - Chantrelle, Fresh",8900
286,Cookie Dough - Double,5967
287,"Melon - Watermelon, Seedless",4545
288,Beef Cheek Fresh,7541
289,Danishes - Mini Raspberry,7668
290,Cheese - Montery Jack,9634
291,Everfresh Products,2108
292,Cake - Mini Potato Pancake,9537
293,Table Cloth 81x81 White,9790
294,Sauce - Mint,6920
295,"Cheese - Cheddar, Medium",6572
296,"Pepper - Paprika, Spanish",4057
297,Steampan - Foil,6384
298,Cafe Royale,2731
299,Appetizer - Southwestern,1614
300,Sprouts - Brussel,9229
301,Longan,8869
302,Chickhen - Chicken Phyllo,7280
303,Sesame Seed,2939
304,Onion - Dried,3610
305,Bag Stand,2732
306,"Rum - Light, Captain Morgan",4478
307,Island Oasis - Strawberry,7676
308,Wine - Zinfandel Rosenblum,2619
309,Sauce - Sesame Thai Dressing,9550
310,Food Colouring - Pink,9292
311,Pumpkin,9068
312,"Beef - Tenderlion, Center Cut",8151
313,Apple - Royal Gala,4136
314,Fib N9 - Prague Powder,7971
315,"Pasta - Rotini, Dry",9791
316,"Beef - Ox Tail, Frozen",4692
317,Swiss Chard - Red,1265
318,"Turkey - Breast, Double",7634
319,Hersey Shakes,2699
320,Clementine,2407
321,Fiddlehead - Frozen,8798
322,Oregano - Fresh,8292
323,Gatorade - Lemon Lime,1143
324,Bacardi Breezer - Strawberry,8942
325,Clam - Cherrystone,2674
326,"Stock - Chicken, White",3613
327,Muffin - Mix - Creme Brule 15l,2230
328,Ice Cream - Fudge Bars,4431
329,"Pork - Bacon, Double Smoked",2022
330,Beef - Short Loin,1877
331,"Vinegar - Balsamic, White",1122
332,"Pasta - Spaghetti, Dry",4664
333,Wine - Valpolicella Masi,9233
334,Carbonated Water - Wildberry,9112
335,Bacardi Limon,7029
336,Table Cloth 81x81 Colour,4632
337,Chocolate - Sugar Free Semi Choc,2895
338,"Lamb - Whole Head Off,nz",9169
339,Chips Potato Salt Vinegar 43g,8635
340,Cheese Cheddar Processed,5530
341,Sugar - Invert,8851
342,Vinegar - Raspberry,8218
343,Container - Foam Dixie 12 Oz,6118
344,"Ice - Clear, 300 Lb For Carving",6691
345,Pineapple - Golden,4726
346,Yoplait Drink,7765
347,"Water - Mineral, Carbonated",9028
348,Table Cloth 90x90 Colour,6690
349,Cocoa Powder - Natural,2077
350,Cod - Black Whole Fillet,8562
351,Lettuce - Curly Endive,6277
352,Chocolate Liqueur - Godet White,6039
353,Tuna - Fresh,9011
354,Cake - Cheese Cake 9 Inch,5923
355,"Juice - Grapefruit, 341 Ml",2675
356,Molasses - Fancy,6328
357,"Lamb - Pieces, Diced",7087
358,"Soup - Campbells, Butternut",3289
359,Steampan Lid,9844
360,Canadian Emmenthal,9394
361,Venison - Denver Leg Boneless,1616
362,Cut Wakame - Hanawakaba,7977
363,Swiss Chard,2984
364,Wine - Penfolds Koonuga Hill,1205
365,Cheese - St. Paulin,4249
366,Nut - Pumpkin Seeds,5958
367,Lamb Rack - Ontario,9740
368,Island Oasis - Wildberry,8583
369,Shrimp - Black Tiger 6 - 8,5436
370,"C - Plus, Orange",5149
371,Iced Tea Concentrate,2145
372,"Soup - Knorr, Classic Can. Chili",5647
373,Vinegar - Balsamic,9325
374,Cake - Night And Day Choclate,8065
375,Longos - Chicken Curried,9607
376,Shrimp - Black Tiger 8 - 12,7524
377,Cookie Dough - Double,9685
378,Cheese - Victor Et Berthold,1250
379,Dr. Pepper - 355ml,6506
380,Ecolab - Solid Fusion,5173
381,Radish,7742
382,"Water - Mineral, Carbonated",4999
383,"Coffee - Colombian, Portioned",9265
384,Bread Crumbs - Japanese Style,1038
385,Cheese - Goat With Herbs,7424
386,Vacuum Bags 12x16,6360
387,Pepper - Sorrano,2353
388,Quail - Jumbo Boneless,4885
389,Sproutsmustard Cress,7350
390,Juice - Lemon,3955
391,Wine - Cotes Du Rhone,9994
392,Chicken - Leg / Back Attach,7334
393,Soup - Base Broth Chix,3830
394,"Sauce - Soya, Dark",3217
395,"Lemonade - Island Tea, 591 Ml",9300
396,"Wine - Cahors Ac 2000, Clos",9037
397,Oil - Coconut,9723
398,Kellogs Special K Cereal,9579
399,Pork - Suckling Pig,2694
400,Cabbage - Savoy,2757
401,Ocean Spray - Kiwi Strawberry,1282
402,"Doilies - 10, Paper",4938
403,Gatorade - Cool Blue Raspberry,7645
404,"Olives - Black, Pitted",5646
405,Sea Urchin,6321
406,Pastry - Banana Tea Loaf,4737
407,Plums - Red,6315
408,Whmis Spray Bottle Graduated,9839
409,"Sparkling Wine - Rose, Freixenet",4324
410,"Pepsi - Diet, 355 Ml",8725
411,Lettuce - Curly Endive,4142
412,Baking Soda,3591
413,Cranberries - Fresh,8114
414,Pear - Packum,9112
415,Oneshot Automatic Soap System,4617
416,Table Cloth - 53x69 Colour,4130
417,Chocolate - Sugar Free Semi Choc,6350
418,Oven Mitts 17 Inch,1862
419,Pepper - Orange,3191
420,Fennel - Seeds,8088
421,"Oil - Food, Lacquer Spray",4473
422,"Chicken - Breast, 5 - 7 Oz",6534
423,Corn Meal,4210
424,Syrup - Pancake,1482
425,Cheese - Swiss Sliced,5597
426,Island Oasis - Banana Daiquiri,7598
427,Cornish Hen,8033
428,Cheese - Mix,8538
429,"Pasta - Fett Alfredo, Single Serve",1907
430,Eggplant - Baby,5071
431,Pasta - Canelloni,9031
432,Pork - Liver,6535
433,"Cookies - Oreo, 4 Pack",7248
434,Broom And Broom Rack White,2639
435,Tarts Assorted,7053
436,Calypso - Strawberry Lemonade,2225
437,Cheese - Mascarpone,4460
438,"Stock - Beef, White",6352
439,Lotus Root,1344
440,"Oil - Olive, Extra Virgin",2454
441,"Schnappes - Peach, Walkers",1018
442,Smirnoff Green Apple Twist,3027
443,Oil - Safflower,7706
444,Cheese - Augre Des Champs,2443
445,Creme De Cacao Mcguines,1148
446,Numi - Assorted Teas,6361
447,Juice - V8 Splash,6347
448,Boogies,8334
449,Chef Hat 20cm,5844
450,Salt And Pepper Mix - Black,3899
451,"Wine - White, Schroder And Schyl",1069
452,Cake - Box Window 10x10x2.5,8928
453,Sprouts - Alfalfa,3229
454,"Pork - Back, Long Cut, Boneless",2247
455,Ice Cream Bar - Hagen Daz,1363
456,"Salt - Rock, Course",7988
457,Rolled Oats,3788
458,Beans - Kidney White,3171
459,Cheese - Mix,6716
460,Cocktail Napkin Blue,2804
461,Puree - Passion Fruit,6990
462,Beans - Soya Bean,9560
463,Bouq All Italian - Primerba,5255
464,Spice - Pepper Portions,3820
465,Pepper - Orange,1886
466,"Coke - Diet, 355 Ml",1424
467,Ostrich - Prime Cut,7597
468,Milk - 2% 250 Ml,6466
469,Plasticknivesblack,7176
470,Beer - Sleeman Fine Porter,1585
471,Ice Cream Bar - Oreo Sandwich,2236
472,Tuna - Sushi Grade,3686
473,"Vinegar - Balsamic, White",8973
474,Chevere Logs,6611
475,Goat - Whole Cut,7689
476,Grapefruit - White,9641
477,Cilantro / Coriander - Fresh,5147
478,"Melon - Watermelon, Seedless",1410
479,"Chicken - Wings, Tip Off",2493
480,Mushroom - Lg - Cello,8661
481,"Wine - Harrow Estates, Vidal",2077
482,Salmon - Sockeye Raw,7626
483,"Mustard - Dry, Powder",5927
484,Lid - 3oz Med Rec,6802
485,Ham - Virginia,6527
486,Bread - White Epi Baguette,7802
487,Bouillion - Fish,4319
488,Pomegranates,6972
489,Pails With Lids,3415
490,Pomello,6103
491,"Vodka - Hot, Lnferno",3459
492,"Rum - White, Gg White",2424
493,Tobasco Sauce,9346
494,Creme De Banane - Marie,3952
495,Cheese Cheddar Processed,8250
496,Broom And Broom Rack White,9549
497,Wine - Duboeuf Beaujolais,5970
498,Clams - Canned,9085
499,Chinese Foods - Thick Noodles,7178
500,Lettuce - Iceberg,4505
501,Gatorade - Xfactor Berry,8540
502,Dried Figs,2442
503,Muffin - Zero Transfat,4939
504,Syrup - Chocolate,7163
505,"Coke - Diet, 355 Ml",1330
506,"Bread - Sticks, Thin, Plain",1390
507,Bread Crumbs - Panko,1393
508,Figs,3989
509,Tomatoes,6718
510,Spice - Chili Powder Mexican,8967
511,Cumin - Whole,8632
512,Venison - Liver,5885
513,Cups 10oz Trans,4730
514,Sugar - Crumb,8435
515,Marzipan 50/50,2707
516,Juice - Orangina,7478
517,Chocolate - Semi Sweet,7127
518,Oil - Peanut,9506
519,"Extract - Vanilla,artificial",8585
520,Cabbage - Green,2685
521,"Fish - Base, Bouillion",9969
522,Baking Soda,4358
523,Tea - Mint,5346
524,Pork - Caul Fat,3257
525,Shrimp - Black Tiger 13/15,2371
526,Cheese - Grana Padano,7249
527,Okra,8719
528,Juice - Ocean Spray Cranberry,5132
529,Temperature Recording Station,3086
530,Pie Pecan,8444
531,Wine - Cotes Du Rhone Parallele,9479
532,Muffin - Mix - Mango Sour Cherry,6477
533,"Doilies - 5, Paper",5638
534,Bread - Malt,4847
535,Soupcontfoam16oz 116con,3868
536,Beef Dry Aged Tenderloin Aaa,9562
537,Beef - Ground Lean Fresh,9755
538,"Veal - Round, Eye Of",5854
539,Beef - Flank Steak,2648
540,Onions - Red,3922
541,Lemon Grass,1196
542,Creme De Cacao Mcguines,6423
543,Puree - Mango,1349
544,Longos - Chicken Caeser Salad,4614
545,"Nut - Almond, Blanched, Ground",7682
546,Lamb - Sausage Casings,3000
547,Dill Weed - Dry,6176
548,"Beef - Roasted, Cooked",3643
549,Vinegar - Rice,6405
550,Gelatine Leaves - Envelopes,4767
551,Wine - Chateau Timberlay,9964
552,Wine - Fume Blanc Fetzer,3348
553,Fruit Salad Deluxe,5274
554,Cheese - Wine,5710
555,Apricots Fresh,1843
556,Coffee - Decaffeinato Coffee,6760
557,Spice - Pepper Portions,2911
558,Bread - Raisin Walnut Oval,8143
559,Beef - Cow Feet Split,1205
560,Bag - Regular Kraft 20 Lb,4825
561,Transfer Sheets,1172
562,"Water - Spring Water, 355 Ml",7618
563,Pecan Raisin - Tarts,5958
564,Halibut - Fletches,6405
565,Extract - Rum,8032
566,"Fish - Soup Base, Bouillon",5364
567,Chips - Doritos,6968
568,Red Cod Fillets - 225g,5880
569,Soup - Campbells Bean Medley,5563
570,"Beef - Bones, Marrow",7055
571,Tea - Decaf 1 Cup,5539
572,Oil - Avocado,8521
573,Crackers - Soda / Saltins,1504
574,Syrup - Monin - Blue Curacao,5592
575,"Crab - Claws, Snow 16 - 24",7130
576,Onions - Vidalia,3894
577,Shichimi Togarashi Peppeers,2325
578,Wine - Lou Black Shiraz,4209
579,Arizona - Plum Green Tea,1783
580,Bay Leaf,6894
581,Monkfish Fresh - Skin Off,5720
582,"Potatoes - Yukon Gold, 80 Ct",9701
583,Ecolab - Power Fusion,7368
584,Ice Cream - Chocolate,8032
585,Maple Syrup,5950
586,Sponge Cake Mix - Vanilla,5312
587,"Pepper - Chillies, Crushed",7484
588,Oil - Coconut,4313
589,Gatorade - Fruit Punch,8090
590,Temperature Recording Station,5736
591,Langers - Mango Nectar,6452
592,Dragon Fruit,2648
593,Broccoli - Fresh,1186
594,Huck Towels White,2137
595,Carbonated Water - Blackcherry,5217
596,Tobasco Sauce,6571
597,Mix - Cocktail Strawberry Daiquiri,1972
598,Cake - French Pear Tart,6643
599,Sour Cream,8575
600,Mince Meat - Filling,6615
601,Bagel - Whole White Sesame,8188
602,Cookie Double Choco,1877
603,Russian Prince,5512
604,Container - Clear 16 Oz,1638
605,Cloves - Whole,2002
606,"Turnip - White, Organic",3953
607,Soupcontfoam16oz 116con,8187
608,Tofu - Firm,3553
609,Cream - 10%,9473
610,Puree - Passion Fruit,3662
611,"Pasta - Penne, Rigate, Dry",8067
612,Napkin White,2136
613,Wine - Pinot Noir Latour,8104
614,Chips - Potato Jalapeno,8063
615,Ecolab - Hand Soap Form Antibac,5624
616,Bananas,5452
617,Salt - Kosher,5336
618,"Marjoram - Dried, Rubbed",6215
619,Browning Caramel Glace,6684
620,"Nut - Peanut, Roasted",8786
621,Puree - Pear,6642
622,Wine - Cava Aria Estate Brut,6137
623,"Yeast - Fresh, Fleischman",5619
624,Container - Hngd Cll Blk 7x7x3,7814
625,Coffee - Decaffeinato Coffee,5374
626,"Nut - Pistachio, Shelled",1378
627,Wine - Ice Wine,1149
628,Cinnamon - Ground,6010
629,Dc - Frozen Momji,2792
630,"Pepper - Green, Chili",1262
631,Appetizer - Sausage Rolls,6463
632,Coriander - Seed,8338
633,Juice - Orange,5669
634,Chivas Regal - 12 Year Old,5612
635,"Carrots - Purple, Organic",4739
636,"Nut - Almond, Blanched, Ground",9487
637,Potatoes - Mini Red,3339
638,Wine - Rubyport,6331
639,Cheese - St. Andre,7077
640,Crackers - Water,9657
641,Wine - George Duboeuf Rose,8007
642,Clams - Canned,1401
643,"Yogurt - Cherry, 175 Gr",8382
644,Bread Ww Cluster,3988
645,"Basil - Primerba, Paste",3152
646,Pork - Smoked Kassler,3024
647,Lychee,2856
648,Squash - Butternut,9541
649,Assorted Desserts,4004
650,Juice - Cranberry 284ml,8569
651,Cranberry Foccacia,8241
652,Lettuce - Lolla Rosa,7197
653,Bread - Italian Corn Meal Poly,4960
654,Chocolate - White,7904
655,Cocoa Feuilletine,3069
656,Silicone Paper 16.5x24,9067
657,Mushroom - Lg - Cello,5326
658,Glass Clear 7 Oz Xl,3187
659,"Wine - Red, Marechal Foch",3374
660,Pastry - Banana Muffin - Mini,9276
661,"Pasta - Fusili, Dry",4903
662,"Capon - Breast, Wing On",8906
663,"Lamb - Racks, Frenched",8301
664,Extract Vanilla Pure,5289
665,Soup - Campbells Chili Veg,2950
666,Mortadella,5502
667,Browning Caramel Glace,8938
668,"Plate - Foam, Bread And Butter",4698
669,Wine - Lou Black Shiraz,3486
670,Muffin Batt - Ban Dream Zero,6560
671,"Wine - Red, Pelee Island Merlot",5316
672,"Chicken - Diced, Cooked",6823
673,Yogurt - Assorted Pack,7857
674,Dome Lid Clear P92008h,2294
675,Garlic,6029
676,Coriander - Ground,8863
677,Ostrich - Prime Cut,1310
678,Teriyaki Sauce,3774
679,Squeeze Bottle,5811
680,Pie Filling - Apple,9010
681,Soy Protein,7546
682,Pie Pecan,1424
683,Vinegar - White Wine,4531
684,Bowl 12 Oz - Showcase 92012,7392
685,Mustard - Dijon,1266
686,Irish Cream - Butterscotch,1624
687,"Cheese - Brie, Triple Creme",2664
688,Cloves - Ground,7105
689,Dry Ice,9263
690,Gatorade - Orange,9706
691,Beans - French,5273
692,Honey - Comb,8374
693,Coffee Beans - Chocolate,3756
694,Jerusalem Artichoke,8753
695,Crackers - Soda / Saltins,9677
696,Curry Powder,9940
697,English Muffin,6585
698,Wine - Sauvignon Blanc,3191
699,"Chilli Paste, Sambal Oelek",8002
700,Milk - Chocolate 500ml,4314
701,Kumquat,4568
702,"Thyme - Lemon, Fresh",4842
703,Milkettes - 2%,2678
704,Bread - Raisin Walnut Pull,9064
705,Snapple - Mango Maddness,7231
706,Table Cloth 54x54 White,9035
707,Water - Spring Water 500ml,1773
708,Swiss Chard - Red,7576
709,Bacon Strip Precooked,8577
710,Spice - Greek 1 Step,7516
711,Orange Roughy 6/8 Oz,4005
712,"Wine - White, Concha Y Toro",7226
713,Versatainer Nc - 8288,6035
714,"Wine - Red, Lurton Merlot De",5572
715,Nantucket Cranberry Juice,2410
716,Cheese - Augre Des Champs,7036
717,Crush - Cream Soda,8564
718,Lettuce - Arugula,5660
719,Appetiser - Bought,4636
720,Puree - Mango,6969
721,Cheese - Cheddarsliced,3912
722,Table Cloth 54x72 White,8495
723,Potatoes - Mini Red,2748
724,Muffin - Mix - Creme Brule 15l,9523
725,Capers - Ox Eye Daisy,3404
726,Beef - Cow Feet Split,3419
727,Beer - Upper Canada Lager,7332
728,Puree - Guava,6826
729,Spring Roll Wrappers,1339
730,Cheese - St. Paulin,3577
731,Chicken - Whole,5656
732,Tart - Lemon,3481
733,Pastry - Trippleberry Muffin - Mini,6458
734,Sugar - Brown,6274
735,Wine - Winzer Krems Gruner,7316
736,Table Cloth 53x69 White,1279
737,"Juice - Pineapple, 341 Ml",2004
738,Cleaner - Pine Sol,3586
739,Extract Vanilla Pure,5716
740,Campari,9874
741,"Rum - Light, Captain Morgan",7069
742,"Wine - Red, Pelee Island Merlot",5417
743,Muffin Mix - Oatmeal,5051
744,Wine - Ej Gallo Sonoma,2270
745,Lamb - Rack,8322
746,Turkey - Oven Roast Breast,5135
747,Longan,7041
748,"Hickory Smoke, Liquid",6792
749,Temperature Recording Station,6935
750,Allspice - Jamaican,7644
751,Oil - Peanut,9391
752,"Juice - Pineapple, 48 Oz",8474
753,"Cherries - Maraschino,jar",1289
754,Fuji Apples,8318
755,Beer - Pilsner Urquell,1974
756,Tray - 12in Rnd Blk,2085
757,Lychee,2088
758,Nectarines,6866
759,Beef Ground Medium,1480
760,Pate - Peppercorn,8645
761,Napkin Colour,4646
762,Daves Island Stinger,7952
763,"Pasta - Lasagne, Fresh",1371
764,Arizona - Plum Green Tea,8304
765,"Quail - Whole, Boneless",4515
766,Veal - Slab Bacon,7183
767,Napkin White,1729
768,Venison - Liver,4315
769,Tart - Pecan Butter Squares,1941
770,Pork - Bacon Cooked Slcd,1016
771,Ecolab - Hand Soap Form Antibac,6946
772,Plastic Arrow Stir Stick,3684
773,Cookie Dough - Chunky,6723
774,Bread - Assorted Rolls,4002
775,Beef - Shank,4801
776,Flounder - Fresh,7517
777,"Jam - Strawberry, 20 Ml Jar",9705
778,Pop Shoppe Cream Soda,2716
779,"Schnappes - Peach, Walkers",9262
780,Apricots - Dried,4884
781,"Beer - Alexander Kieths, Pale Ale",5494
782,Longos - Chicken Curried,6199
783,Veal - Kidney,4413
784,Bread Cranberry Foccacia,8521
785,Muffin Mix - Oatmeal,9533
786,Arizona - Plum Green Tea,7981
787,Squid - Tubes / Tenticles 10/20,6893
788,Ecolab - Hand Soap Form Antibac,3023
789,Potatoes - Mini Red,7835
790,Gooseberry,6314
791,Orange Roughy 4/6 Oz,7216
792,Oysters - Smoked,5829
793,Mushroom - Morel Frozen,2176
794,"Chicken - Wings, Tip Off",4990
795,Pepper - Green,8670
796,Eggwhite Frozen,1353
797,Pie Shell - 5,4884
798,Rabbit - Frozen,3243
799,Milk 2% 500 Ml,8150
800,Yogurt - French Vanilla,2235
801,Bacardi Raspberry,8280
802,"Arctic Char - Fresh, Whole",1897
803,Barley - Pearl,3019
804,Chicken - Whole,8651
805,Soup - Base Broth Chix,9232
806,Alize Red Passion,7888
807,"Yogurt - Cherry, 175 Gr",5246
808,"Chocolate - Pistoles, Lactee, Milk",8764
809,Roe - Flying Fish,8993
810,Juice - Lime,8110
811,Coriander - Ground,6308
812,"Mushroom - Chanterelle, Dry",8111
813,Iced Tea Concentrate,2411
814,Pasta - Agnolotti - Butternut,8296
815,Sprouts - Baby Pea Tendrils,9401
816,Numi - Assorted Teas,9105
817,Pork - Sausage Casing,1959
818,"Rosemary - Primerba, Paste",5269
819,Pepper - Pablano,4973
820,"Pasta - Lasagne, Fresh",2673
821,Oven Mitts 17 Inch,2326
822,Mackerel Whole Fresh,2490
823,Nantuket Peach Orange,6195
824,Cheese - Provolone,6980
825,Green Scrubbie Pad H.duty,1249
826,Soup - Campbells Asian Noodle,9490
827,Sea Bass - Whole,4650
828,Chicken - Ground,1439
829,Coffee Decaf Colombian,7336
830,Tia Maria,4889
831,Kolrabi,8023
832,Sobe - Tropical Energy,8182
833,Wine - Vouvray Cuvee Domaine,3364
834,Pear - Halves,1068
835,"Wine - Red, Mouton Cadet",6879
836,Vegetable - Base,9570
837,"Basil - Primerba, Paste",8850
838,"Cherries - Maraschino,jar",3305
839,Whmis Spray Bottle Graduated,1515
840,Tea - Black Currant,4106
841,Anchovy In Oil,8340
842,Sauce - Rosee,4080
843,Macaroons - Two Bite Choc,2776
844,Buttons,2281
845,Wine - Merlot Vina Carmen,2137
846,Sambuca Cream,9706
847,"Coconut - Creamed, Pure",4020
848,"Lemonade - Natural, 591 Ml",8054
849,Cornstarch,6615
850,"Pork - Loin, Center Cut",3064
851,Straws - Cocktale,6056
852,Pastry - Key Limepoppy Seed Tea,3398
853,Dried Cherries,7050
854,Chips - Miss Vickies,5610
855,"Pork - Butt, Boneless",4158
856,Table Cloth 54x72 White,3538
857,"Basil - Primerba, Paste",9223
858,Cheese - Ermite Bleu,5637
859,Swiss Chard - Red,3393
860,Container - Clear 32 Oz,4555
861,Dried Figs,5395
862,Burger Veggie,9305
863,"Wine - Red, Colio Cabernet",6561
864,Appetizer - Mango Chevre,6404
865,Bay Leaf Fresh,9214
866,"Seedlings - Buckwheat, Organic",8810
867,Tofu - Soft,8650
868,Brandy Apricot,6549
869,"Beer - Alexander Kieths, Pale Ale",9727
870,"Salmon - Smoked, Sliced",2303
871,Beets - Mini Golden,8613
872,Chocolate Eclairs,8654
873,"Lamb - Whole Head Off,nz",1742
874,Chinese Foods - Plain Fried Rice,9138
875,"Chicken - Leg, Fresh",6572
876,"Chilli Paste, Sambal Oelek",1718
877,Clam - Cherrystone,6363
878,Bag - Regular Kraft 20 Lb,9902
879,Vinegar - Red Wine,8970
880,Soup - Campbellschix Stew,9117
881,Marjoram - Fresh,5750
882,Sproutsmustard Cress,3231
883,Cheese - Goat,6642
884,Capers - Ox Eye Daisy,7927
885,Longos - Assorted Sandwich,6863
886,"Nut - Hazelnut, Ground, Natural",9113
887,Coffee - Decaffeinato Coffee,1700
888,Canada Dry,5103
889,Bay Leaf,5161
890,Dried Apple,1946
891,Icecream Bar - Del Monte,6489
892,Spinach - Frozen,2419
893,Cheese - Pont Couvert,7760
894,Huck Towels White,1985
895,Beef - Salted,4430
896,Cactus Pads,6526
897,Sorrel - Fresh,8197
898,Apricots Fresh,1886
899,Wine - Gato Negro Cabernet,1312
900,Salad Dressing,8972
901,Island Oasis - Sweet And Sour Mix,7801
902,Bread - Onion Focaccia,3777
903,Fork - Plastic,7706
904,Bread Base - Goodhearth,2919
905,Island Oasis - Wildberry,2557
906,Capers - Ox Eye Daisy,4871
907,Tia Maria,2295
908,Wine - Ej Gallo Sierra Valley,8462
909,Wine - Cave Springs Dry Riesling,3005
910,"Cheese - Brie, Triple Creme",4278
911,"Cod - Salted, Boneless",5874
912,Pork - Inside,3769
913,Flour - Whole Wheat,1392
914,Sloe Gin - Mcguinness,8589
915,Carbonated Water - Blackcherry,2953
916,"Corn - Cream, Canned",5031
917,"Wine - Magnotta, White",4563
918,Napkin White,5361
919,Juice - Ocean Spray Cranberry,9964
920,Mushroom - Portebello,8326
921,Wine - Masi Valpolocell,6340
922,"Bag - Bread, White, Plain",8507
923,Rice - 7 Grain Blend,4656
924,Wine - Zinfandel California 2002,6214
925,"Cheese - Brie, Cups 125g",4783
926,Foam Tray S2,5653
927,Bread Ww Cluster,1523
928,Beer - Paulaner Hefeweisse,1131
929,"Chocolate - Semi Sweet, Calets",8728
930,Wine - Spumante Bambino White,1884
931,Sprouts - Corn,3533
932,Scallops - Live In Shell,8388
933,Sandwich Wrap,1630
934,Sauce - Sesame Thai Dressing,3671
935,Beef - Tenderloin - Aa,8445
936,Poppy Seed,7838
937,Coffee - Dark Roast,9642
938,Island Oasis - Ice Cream Mix,9404
939,Energy Drink - Redbull 355ml,8278
940,Pear - Prickly,5105
941,Cookies - Englishbay Chochip,1857
942,Clams - Canned,8069
943,"Beans - Black Bean, Canned",3409
944,Bread - Multigrain Oval,8476
945,"Beans - Turtle, Black, Dry",7664
946,"Bread - Roll, Italian",6823
947,Chocolate - Chips Compound,8641
948,Scallops - Live In Shell,9346
949,Breakfast Quesadillas,5628
950,Cup - Translucent 7 Oz Clear,7961
951,"Champagne - Brights, Dry",6024
952,Wine - Fat Bastard Merlot,5275
953,Ham - Cooked Italian,6701
954,"Brocolinni - Gaylan, Chinese",6556
955,Shrimp - Black Tiger 6 - 8,3841
956,Cheese - Parmesan Grated,3933
957,Chevere Logs,4831
958,Wine - Redchard Merritt,5006
959,Breakfast Quesadillas,2516
960,Ostrich - Prime Cut,5579
961,"Wine - White, Pelee Island",1335
962,Beef - Short Ribs,3291
963,Spice - Paprika,9331
964,Beer - Sleeman Fine Porter,9614
965,Chocolate - Feathers,6910
966,"Stock - Veal, Brown",7065
967,"Sauce - White, Mix",2075
968,Food Colouring - Blue,9089
969,Bread - Granary Small Pull,7121
970,Muffin - Mix - Bran And Maple 15l,5165
971,"Wine - White, Mosel Gold",5365
972,Pop Shoppe Cream Soda,5140
973,Wine - White Cab Sauv.on,7825
974,"Fish - Halibut, Cold Smoked",9921
975,Table Cloth - 53x69 Colour,7215
976,"Jam - Raspberry,jar",1782
977,"Shrimp, Dried, Small / Lb",1298
978,Grapefruit - White,8213
979,Pants Custom Dry Clean,4340
980,Truffle Paste,5347
981,Pears - Bartlett,5204
982,Juice - Orangina,3750
983,Cocoa Feuilletine,5903
984,Sugar - Brown,9353
985,"Pepper - Black, Ground",4978
986,Creme De Cacao Mcguines,1164
987,"Spoon - Soup, Plastic",5495
988,Pork - Smoked Kassler,9071
989,Pur Value,6196
990,Red Cod Fillets - 225g,7552
991,"Mushroom - Porcini, Dry",8074
992,Soup - Base Broth Chix,5379
993,"Mop Head - Cotton, 24 Oz",7509
994,Eel - Smoked,6809
995,Ecolab Silver Fusion,2324
996,Sugar - Icing,6150
997,Wine - Bouchard La Vignee Pinot,9265
998,Halibut - Steaks,7748
999,"Nut - Almond, Blanched, Ground",7645
1000,Bread - White Epi Baguette,1165
